/*
SQLyog Ultimate v12.09 (64 bit)
MySQL - 5.7.19-0ubuntu0.16.04.1 : Database - scedge_db
*********************************************************************
*/

/*!40101 SET NAMES utf8 */;

/*!40101 SET SQL_MODE=''*/;

/*!40014 SET @OLD_UNIQUE_CHECKS=@@UNIQUE_CHECKS, UNIQUE_CHECKS=0 */;
/*!40014 SET @OLD_FOREIGN_KEY_CHECKS=@@FOREIGN_KEY_CHECKS, FOREIGN_KEY_CHECKS=0 */;
/*!40101 SET @OLD_SQL_MODE=@@SQL_MODE, SQL_MODE='NO_AUTO_VALUE_ON_ZERO' */;
/*!40111 SET @OLD_SQL_NOTES=@@SQL_NOTES, SQL_NOTES=0 */;
CREATE DATABASE /*!32312 IF NOT EXISTS*/`scedge_db` /*!40100 DEFAULT CHARACTER SET utf8 COLLATE utf8_bin */;

USE `scedge_db`;

/*Table structure for table `card_types` */

DROP TABLE IF EXISTS `card_types`;

CREATE TABLE `card_types` (
  `id` int(10) unsigned NOT NULL AUTO_INCREMENT,
  `name` varchar(255) COLLATE utf8mb4_unicode_ci NOT NULL,
  `image` varchar(255) COLLATE utf8mb4_unicode_ci DEFAULT NULL,
  `is_active` tinyint(1) NOT NULL DEFAULT '1',
  PRIMARY KEY (`id`)
) ENGINE=InnoDB AUTO_INCREMENT=5 DEFAULT CHARSET=utf8mb4 COLLATE=utf8mb4_unicode_ci;

/*Data for the table `card_types` */

insert  into `card_types`(`id`,`name`,`image`,`is_active`) values (1,'PERSONAL','http://scedge.dev/image/home.jpg',1),(2,'HOME','http://scedge.dev/image/work.jpg',1),(3,'WORK','http://scedge.dev/image/home.jpg',1),(4,'BUSINESS','http://scedge.dev/image/home.jpg',1);

/*Table structure for table `chat_history` */

DROP TABLE IF EXISTS `chat_history`;

CREATE TABLE `chat_history` (
  `id` int(10) unsigned NOT NULL AUTO_INCREMENT,
  `sender_id` int(10) unsigned NOT NULL,
  `receiver_id` int(10) unsigned NOT NULL,
  `chat_head_id` varchar(255) COLLATE utf8mb4_unicode_ci DEFAULT NULL,
  `created_at` timestamp NULL DEFAULT NULL,
  `updated_at` timestamp NULL DEFAULT NULL,
  PRIMARY KEY (`id`),
  KEY `chat_history_sender_id_foreign` (`sender_id`),
  KEY `chat_history_receiver_id_foreign` (`receiver_id`),
  CONSTRAINT `chat_history_receiver_id_foreign` FOREIGN KEY (`receiver_id`) REFERENCES `users` (`id`) ON DELETE CASCADE,
  CONSTRAINT `chat_history_sender_id_foreign` FOREIGN KEY (`sender_id`) REFERENCES `users` (`id`) ON DELETE CASCADE
) ENGINE=InnoDB DEFAULT CHARSET=utf8mb4 COLLATE=utf8mb4_unicode_ci;

/*Data for the table `chat_history` */

/*Table structure for table `contact_group` */

DROP TABLE IF EXISTS `contact_group`;

CREATE TABLE `contact_group` (
  `id` int(10) unsigned NOT NULL AUTO_INCREMENT,
  `name` varchar(255) COLLATE utf8mb4_unicode_ci NOT NULL,
  `description` text COLLATE utf8mb4_unicode_ci,
  `image` varchar(255) COLLATE utf8mb4_unicode_ci DEFAULT NULL,
  `is_active` tinyint(1) NOT NULL DEFAULT '1',
  PRIMARY KEY (`id`)
) ENGINE=InnoDB AUTO_INCREMENT=23 DEFAULT CHARSET=utf8mb4 COLLATE=utf8mb4_unicode_ci;

/*Data for the table `contact_group` */

insert  into `contact_group`(`id`,`name`,`description`,`image`,`is_active`) values (1,'PERSONAL',NULL,'http://scedge.dev/image/home.jpg',1),(2,'FAMILY',NULL,'http://scedge.dev/image/home.jpg',1),(3,'FRIEND',NULL,'http://scedge.dev/image/home.jpg',1),(4,'OFFICE',NULL,'http://scedge.dev/image/work.jpg',1),(22,'TESTING','TESTING',NULL,1);

/*Table structure for table `contacts` */

DROP TABLE IF EXISTS `contacts`;

CREATE TABLE `contacts` (
  `id` int(10) unsigned NOT NULL AUTO_INCREMENT,
  `contact_group_id` int(10) unsigned NOT NULL,
  `owner_id` int(10) unsigned NOT NULL,
  `contact_id` int(10) unsigned NOT NULL,
  `is_active` tinyint(1) NOT NULL DEFAULT '1',
  `created_at` timestamp NULL DEFAULT NULL,
  `updated_at` timestamp NULL DEFAULT NULL,
  PRIMARY KEY (`id`),
  KEY `contacts_contact_group_id_foreign` (`contact_group_id`),
  KEY `contacts_owner_id_foreign` (`owner_id`),
  KEY `contacts_contact_id_foreign` (`contact_id`),
  CONSTRAINT `contacts_contact_group_id_foreign` FOREIGN KEY (`contact_group_id`) REFERENCES `contact_group` (`id`) ON DELETE CASCADE,
  CONSTRAINT `contacts_contact_id_foreign` FOREIGN KEY (`contact_id`) REFERENCES `users` (`id`) ON DELETE CASCADE,
  CONSTRAINT `contacts_owner_id_foreign` FOREIGN KEY (`owner_id`) REFERENCES `users` (`id`) ON DELETE CASCADE
) ENGINE=InnoDB AUTO_INCREMENT=62 DEFAULT CHARSET=utf8mb4 COLLATE=utf8mb4_unicode_ci;

/*Data for the table `contacts` */

insert  into `contacts`(`id`,`contact_group_id`,`owner_id`,`contact_id`,`is_active`,`created_at`,`updated_at`) values (1,4,26,40,1,'2017-09-05 07:50:16','2017-09-05 07:50:16'),(2,1,15,10,1,'2017-09-05 07:50:16','2017-09-05 07:50:16'),(3,4,15,9,1,'2017-09-05 07:50:16','2017-09-05 07:50:16'),(4,2,47,34,1,'2017-09-05 07:50:16','2017-09-05 07:50:16'),(5,2,49,19,1,'2017-09-05 07:50:16','2017-09-05 07:50:16'),(6,2,42,10,1,'2017-09-05 07:50:17','2017-09-05 07:50:17'),(7,4,40,8,1,'2017-09-05 07:50:17','2017-09-05 07:50:17'),(8,3,29,31,1,'2017-09-05 07:50:17','2017-09-05 07:50:17'),(9,2,19,40,1,'2017-09-05 07:50:17','2017-09-05 07:50:17'),(10,3,10,9,1,'2017-09-05 07:50:17','2017-09-05 07:50:17'),(11,4,16,3,1,'2017-09-05 07:50:17','2017-09-05 07:50:17'),(12,3,23,20,1,'2017-09-05 07:50:17','2017-09-05 07:50:17'),(13,3,47,44,1,'2017-09-05 07:50:17','2017-09-05 07:50:17'),(14,1,37,35,1,'2017-09-05 07:50:17','2017-09-05 07:50:17'),(15,2,36,46,1,'2017-09-05 07:50:17','2017-09-05 07:50:17'),(16,4,2,41,1,'2017-09-05 07:50:17','2017-09-05 07:50:17'),(17,4,22,34,1,'2017-09-05 07:50:17','2017-09-05 07:50:17'),(18,1,36,34,1,'2017-09-05 07:50:17','2017-09-05 07:50:17'),(19,2,43,24,1,'2017-09-05 07:50:18','2017-09-05 07:50:18'),(20,2,1,14,1,'2017-09-05 07:50:18','2017-09-05 07:50:18'),(21,2,20,13,1,'2017-09-05 07:50:18','2017-09-05 07:50:18'),(22,4,42,39,1,'2017-09-05 07:50:18','2017-09-05 07:50:18'),(23,4,44,12,1,'2017-09-05 07:50:18','2017-09-05 07:50:18'),(24,3,8,1,1,'2017-09-05 07:50:18','2017-09-05 07:50:18'),(25,3,46,22,1,'2017-09-05 07:50:18','2017-09-05 07:50:18'),(26,4,43,36,1,'2017-09-05 07:50:18','2017-09-05 07:50:18'),(27,4,45,26,1,'2017-09-05 07:50:18','2017-09-05 07:50:18'),(28,2,42,20,1,'2017-09-05 07:50:18','2017-09-05 07:50:18'),(29,1,22,46,1,'2017-09-05 07:50:18','2017-09-05 07:50:18'),(30,3,43,33,1,'2017-09-05 07:50:19','2017-09-05 07:50:19'),(31,4,4,8,1,'2017-09-05 07:50:19','2017-09-05 07:50:19'),(32,3,25,49,1,'2017-09-05 07:50:19','2017-09-05 07:50:19'),(33,1,46,31,1,'2017-09-05 07:50:19','2017-09-05 07:50:19'),(34,4,2,1,1,'2017-09-05 07:50:19','2017-09-05 07:50:19'),(35,1,8,18,1,'2017-09-05 07:50:19','2017-09-05 07:50:19'),(36,4,40,14,1,'2017-09-05 07:50:19','2017-09-05 07:50:19'),(37,4,12,31,1,'2017-09-05 07:50:19','2017-09-05 07:50:19'),(38,2,41,23,1,'2017-09-05 07:50:19','2017-09-05 07:50:19'),(39,2,48,6,1,'2017-09-05 07:50:19','2017-09-05 07:50:19'),(40,2,48,32,1,'2017-09-05 07:50:19','2017-09-05 07:50:19'),(41,1,34,14,1,'2017-09-05 07:50:19','2017-09-05 07:50:19'),(42,1,48,33,1,'2017-09-05 07:50:19','2017-09-05 07:50:19'),(43,3,10,16,1,'2017-09-05 07:50:19','2017-09-05 07:50:19'),(44,2,36,50,1,'2017-09-05 07:50:19','2017-09-05 07:50:19'),(45,4,20,31,1,'2017-09-05 07:50:20','2017-09-05 07:50:20'),(46,2,22,34,1,'2017-09-05 07:50:20','2017-09-05 07:50:20'),(47,2,19,49,1,'2017-09-05 07:50:20','2017-09-05 07:50:20'),(48,1,25,26,1,'2017-09-05 07:50:20','2017-09-05 07:50:20'),(49,3,15,34,1,'2017-09-05 07:50:20','2017-09-05 07:50:20'),(50,3,5,34,1,'2017-09-05 07:50:20','2017-09-05 07:50:20'),(51,1,2,2,1,NULL,NULL),(52,2,2,2,1,NULL,NULL),(53,3,2,2,1,NULL,NULL),(54,4,2,2,1,NULL,NULL),(59,2,1,3,1,NULL,NULL),(60,3,1,3,1,NULL,NULL),(61,4,1,3,1,NULL,NULL);

/*Table structure for table `migrations` */

DROP TABLE IF EXISTS `migrations`;

CREATE TABLE `migrations` (
  `id` int(10) unsigned NOT NULL AUTO_INCREMENT,
  `migration` varchar(255) COLLATE utf8mb4_unicode_ci NOT NULL,
  `batch` int(11) NOT NULL,
  PRIMARY KEY (`id`)
) ENGINE=InnoDB AUTO_INCREMENT=12 DEFAULT CHARSET=utf8mb4 COLLATE=utf8mb4_unicode_ci;

/*Data for the table `migrations` */

insert  into `migrations`(`id`,`migration`,`batch`) values (1,'2017_06_05_124833_create_user_subscription_table',1),(2,'2017_06_06_000000_create_users_table',1),(3,'2017_06_06_100000_create_password_resets_table',1),(4,'2017_06_06_120549_create_contact_group_table',1),(5,'2017_06_06_120649_create_contact_table',1),(6,'2017_06_06_120813_create_profile_table',1),(7,'2017_06_06_121539_create_card_types_table',1),(8,'2017_06_06_121559_create_user_card_table',1),(9,'2017_06_06_121623_create_chat_history_table',1),(10,'2017_07_18_070053_UserChildCardTable',1),(11,'2017_07_18_070428_site_content_table',1);

/*Table structure for table `password_resets` */

DROP TABLE IF EXISTS `password_resets`;

CREATE TABLE `password_resets` (
  `email` varchar(100) COLLATE utf8mb4_unicode_ci NOT NULL,
  `token` varchar(255) COLLATE utf8mb4_unicode_ci NOT NULL,
  `created_at` timestamp NULL DEFAULT NULL,
  KEY `password_resets_email_index` (`email`)
) ENGINE=InnoDB DEFAULT CHARSET=utf8mb4 COLLATE=utf8mb4_unicode_ci;

/*Data for the table `password_resets` */

/*Table structure for table `profile` */

DROP TABLE IF EXISTS `profile`;

CREATE TABLE `profile` (
  `id` int(10) unsigned NOT NULL AUTO_INCREMENT,
  `user_id` int(10) unsigned NOT NULL,
  `gender` varchar(255) COLLATE utf8mb4_unicode_ci NOT NULL,
  `dob` varchar(255) COLLATE utf8mb4_unicode_ci NOT NULL,
  `city` varchar(255) COLLATE utf8mb4_unicode_ci NOT NULL,
  `province` varchar(255) COLLATE utf8mb4_unicode_ci NOT NULL,
  `country` varchar(255) COLLATE utf8mb4_unicode_ci NOT NULL,
  `profile_image` varchar(255) COLLATE utf8mb4_unicode_ci DEFAULT NULL,
  `cover_image` varchar(255) COLLATE utf8mb4_unicode_ci DEFAULT NULL,
  `company_name` varchar(255) COLLATE utf8mb4_unicode_ci DEFAULT NULL,
  `website` varchar(255) COLLATE utf8mb4_unicode_ci DEFAULT NULL,
  `phone_number` varchar(255) COLLATE utf8mb4_unicode_ci DEFAULT NULL,
  `business_hour` varchar(255) COLLATE utf8mb4_unicode_ci DEFAULT NULL,
  `created_at` timestamp NULL DEFAULT NULL,
  `updated_at` timestamp NULL DEFAULT NULL,
  PRIMARY KEY (`id`),
  KEY `profile_user_id_foreign` (`user_id`),
  CONSTRAINT `profile_user_id_foreign` FOREIGN KEY (`user_id`) REFERENCES `users` (`id`) ON DELETE CASCADE
) ENGINE=InnoDB AUTO_INCREMENT=52 DEFAULT CHARSET=utf8mb4 COLLATE=utf8mb4_unicode_ci;

/*Data for the table `profile` */

insert  into `profile`(`id`,`user_id`,`gender`,`dob`,`city`,`province`,`country`,`profile_image`,`cover_image`,`company_name`,`website`,`phone_number`,`business_hour`,`created_at`,`updated_at`) values (1,1,'Male','1976-02-10','Abestad','Washington','Cuba','https://lorempixel.com/200/200/people/?15285','https://lorempixel.com/500/300/nature/?64108',NULL,NULL,NULL,NULL,'2017-09-05 07:50:13','2017-09-05 07:50:13'),(2,2,'Male','1984-04-10','New Kimtown','Colorado','Western Sahara','https://lorempixel.com/200/200/people/?13988','https://lorempixel.com/500/300/nature/?28041',NULL,NULL,NULL,NULL,'2017-09-05 07:50:13','2017-09-05 07:50:13'),(3,3,'Female','1974-02-16','Willchester','South Dakota','Isle of Man','https://lorempixel.com/200/200/people/?35504','https://lorempixel.com/500/300/nature/?53990',NULL,NULL,NULL,NULL,'2017-09-05 07:50:13','2017-09-05 07:50:13'),(4,4,'Female','1982-12-17','Tessieview','Minnesota','Mayotte','https://lorempixel.com/200/200/people/?86310','https://lorempixel.com/500/300/nature/?12173','Quitzon, McCullough and Dooley','www.Quitzon,-McCullough-and-Dooley.com','1-866-944-7804','Other','2017-09-05 07:50:13','2017-09-05 07:50:13'),(5,5,'Male','1971-12-29','Providenciport','Nevada','Bahamas','https://lorempixel.com/200/200/people/?97830','https://lorempixel.com/500/300/nature/?32590',NULL,NULL,NULL,NULL,'2017-09-05 07:50:13','2017-09-05 07:50:13'),(6,6,'Female','1980-06-16','Port Bellstad','Colorado','Papua New Guinea','https://lorempixel.com/200/200/people/?52580','https://lorempixel.com/500/300/nature/?35737',NULL,NULL,NULL,NULL,'2017-09-05 07:50:13','2017-09-05 07:50:13'),(7,7,'Female','1982-04-12','West Durwardchester','Delaware','Sierra Leone','https://lorempixel.com/200/200/people/?79541','https://lorempixel.com/500/300/nature/?30474',NULL,NULL,NULL,NULL,'2017-09-05 07:50:13','2017-09-05 07:50:13'),(8,8,'Male','1979-02-06','Gusikowskiton','Illinois','Peru','https://lorempixel.com/200/200/people/?45423','https://lorempixel.com/500/300/nature/?11784',NULL,NULL,NULL,NULL,'2017-09-05 07:50:13','2017-09-05 07:50:13'),(9,9,'Female','1981-02-16','Port Cooper','Nevada','Sri Lanka','https://lorempixel.com/200/200/people/?86327','https://lorempixel.com/500/300/nature/?75524',NULL,NULL,NULL,NULL,'2017-09-05 07:50:13','2017-09-05 07:50:13'),(10,10,'Male','1979-05-25','North Luciano','Washington','Grenada','https://lorempixel.com/200/200/people/?60902','https://lorempixel.com/500/300/nature/?10547',NULL,NULL,NULL,NULL,'2017-09-05 07:50:13','2017-09-05 07:50:13'),(11,11,'Male','1975-03-22','Schimmelland','Alaska','Germany','https://lorempixel.com/200/200/people/?36717','https://lorempixel.com/500/300/nature/?17130','Bosco Inc','www.Bosco-Inc.com','855.949.2743','8-5','2017-09-05 07:50:13','2017-09-05 07:50:13'),(12,12,'Female','1979-07-13','South Elmer','Virginia','Tajikistan','https://lorempixel.com/200/200/people/?44213','https://lorempixel.com/500/300/nature/?58502','Ernser-Abernathy','www.Ernser-Abernathy.com','(844) 761-3414','7-4','2017-09-05 07:50:13','2017-09-05 07:50:13'),(13,13,'Female','1975-12-23','South Robin','Connecticut','Senegal','https://lorempixel.com/200/200/people/?32979','https://lorempixel.com/500/300/nature/?27929',NULL,NULL,NULL,NULL,'2017-09-05 07:50:14','2017-09-05 07:50:14'),(14,14,'Female','1986-09-24','East Michael','Michigan','Saint Helena','https://lorempixel.com/200/200/people/?47342','https://lorempixel.com/500/300/nature/?36557',NULL,NULL,NULL,NULL,'2017-09-05 07:50:14','2017-09-05 07:50:14'),(15,15,'Male','1984-07-06','Carrollburgh','Missouri','Greece','https://lorempixel.com/200/200/people/?96539','https://lorempixel.com/500/300/nature/?11487',NULL,NULL,NULL,NULL,'2017-09-05 07:50:14','2017-09-05 07:50:14'),(16,16,'Female','1973-11-03','Delphastad','New Jersey','Iceland','https://lorempixel.com/200/200/people/?79197','https://lorempixel.com/500/300/nature/?90255',NULL,NULL,NULL,NULL,'2017-09-05 07:50:14','2017-09-05 07:50:14'),(17,17,'Male','1977-01-10','New Jerrell','Ohio','Paraguay','https://lorempixel.com/200/200/people/?50094','https://lorempixel.com/500/300/nature/?14898',NULL,NULL,NULL,NULL,'2017-09-05 07:50:14','2017-09-05 07:50:14'),(18,18,'Female','1987-03-04','West Tomas','Missouri','Cape Verde','https://lorempixel.com/200/200/people/?63234','https://lorempixel.com/500/300/nature/?17116',NULL,NULL,NULL,NULL,'2017-09-05 07:50:14','2017-09-05 07:50:14'),(19,19,'Male','1974-12-21','South Kirstinfurt','Alaska','Guinea-Bissau','https://lorempixel.com/200/200/people/?65986','https://lorempixel.com/500/300/nature/?66077',NULL,NULL,NULL,NULL,'2017-09-05 07:50:14','2017-09-05 07:50:14'),(20,20,'Male','1983-11-13','West Felix','Rhode Island','Germany','https://lorempixel.com/200/200/people/?97297','https://lorempixel.com/500/300/nature/?21797','Leuschke-Mertz','www.Leuschke-Mertz.com','1-800-312-5290','10-7','2017-09-05 07:50:14','2017-09-05 07:50:14'),(21,21,'Male','1983-07-13','Lake Rettaview','Tennessee','Brunei Darussalam','https://lorempixel.com/200/200/people/?79524','https://lorempixel.com/500/300/nature/?61099',NULL,NULL,NULL,NULL,'2017-09-05 07:50:14','2017-09-05 07:50:14'),(22,22,'Male','1978-02-26','South Theashire','New Jersey','Anguilla','https://lorempixel.com/200/200/people/?38886','https://lorempixel.com/500/300/nature/?75282',NULL,NULL,NULL,NULL,'2017-09-05 07:50:14','2017-09-05 07:50:14'),(23,23,'Female','1980-12-30','New Edgardo','Kentucky','Cameroon','https://lorempixel.com/200/200/people/?89370','https://lorempixel.com/500/300/nature/?69474',NULL,NULL,NULL,NULL,'2017-09-05 07:50:14','2017-09-05 07:50:14'),(24,24,'Female','1985-08-18','Estellemouth','Texas','Holy See (Vatican City State)','https://lorempixel.com/200/200/people/?74634','https://lorempixel.com/500/300/nature/?89359',NULL,NULL,NULL,NULL,'2017-09-05 07:50:14','2017-09-05 07:50:14'),(25,25,'Female','1972-07-20','Port Lauriane','Washington','Austria','https://lorempixel.com/200/200/people/?43446','https://lorempixel.com/500/300/nature/?33995',NULL,NULL,NULL,NULL,'2017-09-05 07:50:14','2017-09-05 07:50:14'),(26,26,'Female','1985-02-14','Port Wilmaburgh','New Jersey','Moldova','https://lorempixel.com/200/200/people/?85287','https://lorempixel.com/500/300/nature/?27591',NULL,NULL,NULL,NULL,'2017-09-05 07:50:14','2017-09-05 07:50:14'),(27,27,'Male','1985-07-19','North Joanafurt','Iowa','Svalbard & Jan Mayen Islands','https://lorempixel.com/200/200/people/?82927','https://lorempixel.com/500/300/nature/?88614',NULL,NULL,NULL,NULL,'2017-09-05 07:50:14','2017-09-05 07:50:14'),(28,28,'Female','1975-03-31','Lake Alyshafurt','Connecticut','Norfolk Island','https://lorempixel.com/200/200/people/?71504','https://lorempixel.com/500/300/nature/?18710',NULL,NULL,NULL,NULL,'2017-09-05 07:50:14','2017-09-05 07:50:14'),(29,29,'Female','1971-05-10','South Roy','Oklahoma','Paraguay','https://lorempixel.com/200/200/people/?93260','https://lorempixel.com/500/300/nature/?20108',NULL,NULL,NULL,NULL,'2017-09-05 07:50:14','2017-09-05 07:50:14'),(30,30,'Male','1979-01-10','Ankundingburgh','Alabama','Chad','https://lorempixel.com/200/200/people/?82537','https://lorempixel.com/500/300/nature/?15855',NULL,NULL,NULL,NULL,'2017-09-05 07:50:14','2017-09-05 07:50:14'),(31,31,'Male','1970-02-01','West Rudy','Montana','Tonga','https://lorempixel.com/200/200/people/?48417','https://lorempixel.com/500/300/nature/?19652',NULL,NULL,NULL,NULL,'2017-09-05 07:50:15','2017-09-05 07:50:15'),(32,32,'Female','1983-08-01','Avachester','Georgia','Grenada','https://lorempixel.com/200/200/people/?75243','https://lorempixel.com/500/300/nature/?77511',NULL,NULL,NULL,NULL,'2017-09-05 07:50:15','2017-09-05 07:50:15'),(33,33,'Male','1972-11-14','Gardnertown','Oklahoma','Macao','https://lorempixel.com/200/200/people/?90814','https://lorempixel.com/500/300/nature/?50838',NULL,NULL,NULL,NULL,'2017-09-05 07:50:15','2017-09-05 07:50:15'),(34,34,'Male','1984-11-08','South Cameron','Idaho','Pakistan','https://lorempixel.com/200/200/people/?65793','https://lorempixel.com/500/300/nature/?16303','Mante Ltd','www.Mante-Ltd.com','1-877-240-0513','8-5','2017-09-05 07:50:15','2017-09-05 07:50:15'),(35,35,'Female','1982-05-18','Jacobifurt','Hawaii','Niger','https://lorempixel.com/200/200/people/?23373','https://lorempixel.com/500/300/nature/?77724',NULL,NULL,NULL,NULL,'2017-09-05 07:50:15','2017-09-05 07:50:15'),(36,36,'Male','1978-05-09','Hymanberg','Kentucky','Russian Federation','https://lorempixel.com/200/200/people/?84105','https://lorempixel.com/500/300/nature/?43471',NULL,NULL,NULL,NULL,'2017-09-05 07:50:15','2017-09-05 07:50:15'),(37,37,'Female','1977-03-09','East Paula','Texas','Algeria','https://lorempixel.com/200/200/people/?65063','https://lorempixel.com/500/300/nature/?66951','Cummerata, Balistreri and Lemke','www.Cummerata,-Balistreri-and-Lemke.com','1-800-860-2577','9-6','2017-09-05 07:50:15','2017-09-05 07:50:15'),(38,38,'Female','1987-04-03','Sipesmouth','Alaska','Mayotte','https://lorempixel.com/200/200/people/?72071','https://lorempixel.com/500/300/nature/?58198','Ziemann, Hahn and Keeling','www.Ziemann,-Hahn-and-Keeling.com','866-344-8646','12-9','2017-09-05 07:50:15','2017-09-05 07:50:15'),(39,39,'Female','1972-12-19','New Kaylieland','Oklahoma','Venezuela','https://lorempixel.com/200/200/people/?61097','https://lorempixel.com/500/300/nature/?89883',NULL,NULL,NULL,NULL,'2017-09-05 07:50:15','2017-09-05 07:50:15'),(40,40,'Male','1979-01-14','New Albahaven','Massachusetts','Micronesia','https://lorempixel.com/200/200/people/?56709','https://lorempixel.com/500/300/nature/?30014',NULL,NULL,NULL,NULL,'2017-09-05 07:50:15','2017-09-05 07:50:15'),(41,41,'Male','1972-09-04','D\'Amoremouth','Iowa','Kiribati','https://lorempixel.com/200/200/people/?92895','https://lorempixel.com/500/300/nature/?46215',NULL,NULL,NULL,NULL,'2017-09-05 07:50:15','2017-09-05 07:50:15'),(42,42,'Male','1975-05-26','Port Alessandraborough','Iowa','Thailand','https://lorempixel.com/200/200/people/?18620','https://lorempixel.com/500/300/nature/?68221',NULL,NULL,NULL,NULL,'2017-09-05 07:50:16','2017-09-05 07:50:16'),(43,43,'Male','1975-07-20','Lunaport','North Carolina','Tonga','https://lorempixel.com/200/200/people/?11407','https://lorempixel.com/500/300/nature/?69601',NULL,NULL,NULL,NULL,'2017-09-05 07:50:16','2017-09-05 07:50:16'),(44,44,'Male','1970-10-25','Port Leopoldomouth','Georgia','Burundi','https://lorempixel.com/200/200/people/?53395','https://lorempixel.com/500/300/nature/?54171',NULL,NULL,NULL,NULL,'2017-09-05 07:50:16','2017-09-05 07:50:16'),(45,45,'Male','1982-04-07','Lake Willa','South Dakota','South Georgia and the South Sandwich Islands','https://lorempixel.com/200/200/people/?58807','https://lorempixel.com/500/300/nature/?21936',NULL,NULL,NULL,NULL,'2017-09-05 07:50:16','2017-09-05 07:50:16'),(46,46,'Male','1978-03-03','Port Haleyborough','North Carolina','Bahrain','https://lorempixel.com/200/200/people/?30691','https://lorempixel.com/500/300/nature/?29687',NULL,NULL,NULL,NULL,'2017-09-05 07:50:16','2017-09-05 07:50:16'),(47,47,'Female','1970-07-27','Lake Karleeville','New Mexico','Cape Verde','https://lorempixel.com/200/200/people/?41335','https://lorempixel.com/500/300/nature/?75206',NULL,NULL,NULL,NULL,'2017-09-05 07:50:16','2017-09-05 07:50:16'),(48,48,'Female','1975-01-02','North Brayan','Wyoming','Albania','https://lorempixel.com/200/200/people/?11499','https://lorempixel.com/500/300/nature/?19825',NULL,NULL,NULL,NULL,'2017-09-05 07:50:16','2017-09-05 07:50:16'),(49,49,'Male','1986-11-21','Lake Leta','District of Columbia','Montserrat','https://lorempixel.com/200/200/people/?22572','https://lorempixel.com/500/300/nature/?36964',NULL,NULL,NULL,NULL,'2017-09-05 07:50:16','2017-09-05 07:50:16'),(50,50,'Male','1986-10-25','Jacobsonmouth','Kansas','Vietnam','https://lorempixel.com/200/200/people/?99083','https://lorempixel.com/500/300/nature/?99523',NULL,NULL,NULL,NULL,'2017-09-05 07:50:16','2017-09-05 07:50:16'),(51,51,'Male','2017-09-13','test','test','test',NULL,NULL,'test','test','test','test','2017-09-22 07:13:05','2017-09-22 07:26:26');

/*Table structure for table `site_contents` */

DROP TABLE IF EXISTS `site_contents`;

CREATE TABLE `site_contents` (
  `id` int(10) unsigned NOT NULL AUTO_INCREMENT,
  `content_type` enum('ABOUT','CONTACT-US','TEAM-COMMUNITY','FAMILY-FRIENDS','PROFESSIONAL-BUSINESS','PERSONAL') COLLATE utf8mb4_unicode_ci NOT NULL DEFAULT 'ABOUT',
  `content_title` varchar(255) COLLATE utf8mb4_unicode_ci NOT NULL,
  `content_text` text COLLATE utf8mb4_unicode_ci NOT NULL,
  `created_at` timestamp NULL DEFAULT NULL,
  `updated_at` timestamp NULL DEFAULT NULL,
  PRIMARY KEY (`id`)
) ENGINE=InnoDB DEFAULT CHARSET=utf8mb4 COLLATE=utf8mb4_unicode_ci;

/*Data for the table `site_contents` */

/*Table structure for table `user_cards` */

DROP TABLE IF EXISTS `user_cards`;

CREATE TABLE `user_cards` (
  `id` int(10) unsigned NOT NULL AUTO_INCREMENT,
  `owner_id` int(10) unsigned NOT NULL,
  `card_type_id` int(10) NOT NULL DEFAULT '1',
  `title` varchar(255) COLLATE utf8mb4_unicode_ci NOT NULL,
  `body` text COLLATE utf8mb4_unicode_ci NOT NULL,
  `card_image` varchar(255) COLLATE utf8mb4_unicode_ci DEFAULT NULL,
  `card_date` varchar(200) COLLATE utf8mb4_unicode_ci NOT NULL,
  `card_time` varchar(200) COLLATE utf8mb4_unicode_ci NOT NULL,
  `priority` varchar(255) COLLATE utf8mb4_unicode_ci NOT NULL,
  `location_address` varchar(255) COLLATE utf8mb4_unicode_ci DEFAULT NULL,
  `location_city` varchar(255) COLLATE utf8mb4_unicode_ci DEFAULT NULL,
  `location_province` varchar(255) COLLATE utf8mb4_unicode_ci DEFAULT NULL,
  `location_country` varchar(255) COLLATE utf8mb4_unicode_ci DEFAULT NULL,
  `start_date` varchar(200) COLLATE utf8mb4_unicode_ci DEFAULT NULL,
  `start_time` varchar(200) COLLATE utf8mb4_unicode_ci DEFAULT NULL,
  `end_date` varchar(200) COLLATE utf8mb4_unicode_ci DEFAULT NULL,
  `end_time` varchar(200) COLLATE utf8mb4_unicode_ci DEFAULT NULL,
  `price` varchar(255) COLLATE utf8mb4_unicode_ci DEFAULT NULL,
  `quantity` varchar(255) COLLATE utf8mb4_unicode_ci DEFAULT NULL,
  `discount` varchar(255) COLLATE utf8mb4_unicode_ci DEFAULT NULL,
  `spacs_size` varchar(255) COLLATE utf8mb4_unicode_ci DEFAULT NULL,
  `spacs_brand` varchar(255) COLLATE utf8mb4_unicode_ci DEFAULT NULL,
  `spacs_model` varchar(255) COLLATE utf8mb4_unicode_ci DEFAULT NULL,
  `spacs_color` varchar(255) COLLATE utf8mb4_unicode_ci DEFAULT NULL,
  `for_gender` varchar(255) COLLATE utf8mb4_unicode_ci DEFAULT NULL,
  `for_age` varchar(255) COLLATE utf8mb4_unicode_ci DEFAULT NULL,
  `share_on_showcase` tinyint(1) NOT NULL DEFAULT '1',
  `two_way_sync` tinyint(1) NOT NULL DEFAULT '0',
  `live_item` tinyint(1) NOT NULL DEFAULT '0',
  `card_type` enum('FREE','PERSONAL','PROFESSIONAL') COLLATE utf8mb4_unicode_ci NOT NULL DEFAULT 'FREE',
  `is_active` tinyint(1) NOT NULL DEFAULT '1',
  `created_at` timestamp NULL DEFAULT NULL,
  `updated_at` timestamp NULL DEFAULT NULL,
  PRIMARY KEY (`id`),
  KEY `user_cards_owner_id_foreign` (`owner_id`),
  CONSTRAINT `user_cards_owner_id_foreign` FOREIGN KEY (`owner_id`) REFERENCES `users` (`id`) ON DELETE CASCADE
) ENGINE=InnoDB AUTO_INCREMENT=60 DEFAULT CHARSET=utf8mb4 COLLATE=utf8mb4_unicode_ci;

/*Data for the table `user_cards` */

insert  into `user_cards`(`id`,`owner_id`,`card_type_id`,`title`,`body`,`card_image`,`card_date`,`card_time`,`priority`,`location_address`,`location_city`,`location_province`,`location_country`,`start_date`,`start_time`,`end_date`,`end_time`,`price`,`quantity`,`discount`,`spacs_size`,`spacs_brand`,`spacs_model`,`spacs_color`,`for_gender`,`for_age`,`share_on_showcase`,`two_way_sync`,`live_item`,`card_type`,`is_active`,`created_at`,`updated_at`) values (2,18,1,'Vel vel eos et vitae soluta dolor doloribus.','Eum sed ex voluptatem maxime quia enim at. Soluta accusamus quod neque minus aut ea. Tenetur et numquam explicabo nemo. Sit assumenda laudantium rerum corporis soluta.','https://lorempixel.com/500/500/nature/?19259','2010-09-19','14:29:43','8','6389 Geovanny Bridge\nNorth Alanisfurt, ID 79282','Marvinburgh','Pennsylvania','Marshall Islands',NULL,NULL,NULL,NULL,NULL,NULL,NULL,NULL,NULL,NULL,NULL,NULL,NULL,0,0,0,'PROFESSIONAL',1,NULL,NULL),(3,1,2,'Ut magni aut qui repellat esse numquam sunt.','Architecto sapiente at dolor quidem autem labore quis. Qui corrupti accusamus veniam. Sunt veritatis deleniti ea animi.','https://lorempixel.com/500/500/nature/?33840','1995-05-08','18:24:32','6','8195 Rice Rue\nRyanborough, GA 37323','North Tiana','Ohio','Malaysia',NULL,NULL,NULL,NULL,NULL,NULL,NULL,NULL,NULL,NULL,NULL,NULL,NULL,0,0,0,'PROFESSIONAL',1,NULL,NULL),(4,40,1,'Aperiam consectetur eveniet rerum modi.','Explicabo et id qui suscipit. Amet nobis ea natus nostrum. Omnis aut quo repellat magnam. Aspernatur labore dolore veniam. Sunt nam quia enim tenetur et.','https://lorempixel.com/500/500/nature/?91577','1970-04-16','07:17:34','5','36161 Tremayne Skyway\nTravisbury, OH 56948','Lindborough','Illinois','Azerbaijan',NULL,NULL,NULL,NULL,NULL,NULL,NULL,NULL,NULL,NULL,NULL,NULL,NULL,1,0,0,'PERSONAL',1,NULL,NULL),(5,1,3,'Error iure sed distinctio repudiandae perspiciatis sit.','Corporis molestiae autem eum optio saepe. Et placeat illo aliquid aliquid eum. Est quos non quas est.','https://lorempixel.com/500/500/nature/?11481','1979-11-14','18:15:16','5','804 Jacobson Mountain Suite 881\nPort Arno, AR 07917','East Fermintown','Mississippi','Ireland',NULL,NULL,NULL,NULL,NULL,NULL,NULL,NULL,NULL,NULL,NULL,NULL,NULL,0,0,0,'PROFESSIONAL',1,NULL,NULL),(6,10,1,'Enim alias blanditiis deserunt repellat quisquam.','Sit inventore distinctio eum laborum. Atque vel corrupti dolorem dignissimos perferendis. Nesciunt et qui ut tempore. A qui doloremque provident. Et quod minus libero fugit aperiam.','https://lorempixel.com/500/500/nature/?81165','1976-04-13','23:12:21','4','7810 Mante Shores Apt. 353\nKuphalbury, AL 57888-8882','New Lance','South Dakota','Grenada',NULL,NULL,NULL,NULL,NULL,NULL,NULL,NULL,NULL,NULL,NULL,NULL,NULL,0,0,0,'PROFESSIONAL',1,NULL,NULL),(7,40,1,'Ut eligendi minus vero explicabo voluptatem ratione consequatur.','Ex nihil magnam officiis quis. Nesciunt totam dolorem vitae.','https://lorempixel.com/500/500/nature/?79314','2003-05-27','04:52:50','10','5680 Lehner Locks\nWest Jaclyn, ID 89948-6551','Port Jalenborough','Oregon','Iraq',NULL,NULL,NULL,NULL,NULL,NULL,NULL,NULL,NULL,NULL,NULL,NULL,NULL,1,0,0,'FREE',1,NULL,NULL),(8,1,1,'Nesciunt beatae modi aut ea molestiae.','Debitis quia a aut eaque et mollitia consectetur. Ipsam sed saepe nostrum molestiae quia.','https://lorempixel.com/500/500/nature/?51442','2007-09-28','00:33:36','4','44827 Schmidt Station\nEast Daniellaborough, NJ 23426-2110','Heathcotechester','Oregon','Samoa',NULL,NULL,NULL,NULL,NULL,NULL,NULL,NULL,NULL,NULL,NULL,NULL,NULL,1,0,0,'FREE',1,NULL,NULL),(9,6,1,'Qui ut illum soluta eveniet et nulla facilis.','Molestias corrupti non recusandae odio. Sit rerum omnis ipsum saepe dolorum ex. Et necessitatibus veniam similique error. Quae quaerat expedita et non sed accusantium.','https://lorempixel.com/500/500/nature/?16403','2001-08-19','07:48:30','4','549 Domenico Prairie Apt. 087\nTiamouth, MD 41036','Port Theresafort','Maine','Gabon',NULL,NULL,NULL,NULL,NULL,NULL,NULL,NULL,NULL,NULL,NULL,NULL,NULL,1,0,0,'FREE',1,NULL,NULL),(10,1,3,'Qui molestias blanditiis repudiandae repellat.','Odio reprehenderit non pariatur veritatis. Eius culpa et vitae consequatur beatae sunt. Magni et suscipit quae qui pariatur.','https://lorempixel.com/500/500/nature/?68302','1988-04-15','22:38:51','8','5756 Kenya Underpass\nSouth Jakaylachester, MT 36219-7171','Florineshire','Colorado','El Salvador',NULL,NULL,NULL,NULL,NULL,NULL,NULL,NULL,NULL,NULL,NULL,NULL,NULL,0,0,0,'PROFESSIONAL',1,NULL,NULL),(11,25,1,'Ex voluptatem dolorem quidem qui iure et dolor.','Vitae officiis cumque veritatis nobis. Consequuntur necessitatibus rerum nostrum. Commodi molestiae quia consequatur voluptas corporis sed. Qui amet tempore et mollitia.','https://lorempixel.com/500/500/nature/?29739','1970-12-28','06:06:33','6','9364 Quigley Squares Apt. 168\nNorth Garth, MS 13273-7221','Zariafurt','Pennsylvania','Oman',NULL,NULL,NULL,NULL,'12',NULL,'64','38','weimann','effertz','DarkGreen','female','49',1,0,0,'PROFESSIONAL',1,NULL,NULL),(12,44,1,'Excepturi et praesentium eaque nisi quia.','Pariatur numquam sint molestiae sed doloremque in. Dignissimos omnis dolorem delectus at. Est eligendi occaecati architecto ea dolorem architecto ipsam possimus.','https://lorempixel.com/500/500/nature/?42350','2011-06-18','17:57:04','1','558 Verla Pass Apt. 557\nPort Makenzietown, ME 44470-6220','Walterburgh','Mississippi','Bulgaria','2010-03-09','00:47:36','1972-12-02','11:36:57',NULL,NULL,NULL,NULL,NULL,NULL,NULL,NULL,NULL,1,0,0,'PROFESSIONAL',1,NULL,NULL),(13,13,1,'Molestiae qui repellat et quasi ducimus aliquid qui.','Id at itaque repellat culpa voluptates amet. Maiores iusto in iste blanditiis. Accusamus fugit ut aut rerum repellat. Eaque et et molestiae ipsa quia qui.','https://lorempixel.com/500/500/nature/?70354','2017-05-01','10:50:32','2','55804 Dessie Flats\nJakubowskiburgh, MA 42006','Beahanville','Idaho','Guatemala',NULL,NULL,NULL,NULL,NULL,NULL,NULL,NULL,NULL,NULL,NULL,NULL,NULL,0,0,0,'PERSONAL',1,NULL,NULL),(14,4,1,'Veritatis maxime voluptas et quia.','Voluptas ut vero vel veritatis. Fuga et excepturi ab expedita iste ut alias. Autem eum in voluptatem rerum.','https://lorempixel.com/500/500/nature/?43783','1975-05-25','22:47:32','1','3567 Filomena Glen\nNorth Cristalhaven, WY 85188','Fabiolaville','Arkansas','Ireland',NULL,NULL,NULL,NULL,NULL,NULL,NULL,NULL,NULL,NULL,NULL,NULL,NULL,0,0,0,'PERSONAL',1,NULL,NULL),(15,1,4,'Hic dolorem aut non nihil fugit voluptatem esse.','Mollitia optio cumque neque molestiae eum quae esse. Qui possimus vel saepe quis perferendis eaque. Qui modi eaque minima quia autem. Id voluptatibus natus minima.','https://lorempixel.com/500/500/nature/?79055','2002-09-10','03:58:19','8','992 Barton Overpass Suite 807\nRansomville, CA 96131-4548','Lake Wadebury','Nebraska','Chile',NULL,NULL,NULL,NULL,'49',NULL,'50','41','lind','dietrich','Sienna','male','60',1,0,1,'PROFESSIONAL',1,NULL,NULL),(16,13,1,'Quia vero rerum doloremque et molestiae molestiae et.','Itaque fugiat molestias explicabo fugiat quis. Qui perferendis rem eligendi. Cupiditate ex et qui similique necessitatibus porro. Ut qui id facere temporibus laborum adipisci reprehenderit illo.','https://lorempixel.com/500/500/nature/?39742','1989-04-03','11:57:59','1','7567 Skye Isle Apt. 137\nBertrandville, NE 37849','New Dejafurt','California','Puerto Rico','2007-01-16','12:37:55','2001-12-07','14:04:33',NULL,NULL,NULL,NULL,NULL,NULL,NULL,NULL,NULL,1,0,0,'PROFESSIONAL',1,NULL,NULL),(17,1,1,'Architecto magnam voluptatem id saepe error occaecati voluptatem.','Et incidunt voluptas illo commodi voluptatem et cum. Natus qui molestias perferendis omnis assumenda. Ut tenetur asperiores ea et debitis libero.','https://lorempixel.com/500/500/nature/?90947','2013-01-10','20:29:36','10','72347 Marilou Glen\nNorth Mallory, OH 21326','Nikolausfurt','West Virginia','Greece',NULL,NULL,NULL,NULL,NULL,NULL,NULL,NULL,NULL,NULL,NULL,NULL,NULL,0,0,0,'PERSONAL',1,NULL,NULL),(18,1,1,'Eum sunt est culpa.','Hic similique quis qui quidem minima ex. Consequatur quod at sequi. Ipsa id quibusdam a in expedita sunt quis nobis. Vel amet incidunt fugit quas est voluptates.','https://lorempixel.com/500/500/nature/?50058','1977-10-10','13:05:45','4','40250 Lew Ramp\nDarrylton, NV 76213-0208','New Jessika','Hawaii','Sri Lanka','2009-07-01','09:14:57','1997-01-09','04:38:40',NULL,NULL,NULL,NULL,NULL,NULL,NULL,NULL,NULL,0,0,0,'PERSONAL',1,NULL,NULL),(19,1,1,'Error in vel molestiae sed officiis.','Quo enim incidunt cumque. Ea saepe ut repudiandae fugit ducimus sunt. Ad doloremque dolorem molestias nihil eveniet et atque alias. Earum dolorum dolores sit sed ut amet doloribus.','https://lorempixel.com/500/500/nature/?26008','2014-07-10','13:02:47','2','9476 Treutel Pike\nMyrtieland, RI 74203','North Bridgetbury','South Dakota','Tonga',NULL,NULL,NULL,NULL,'24',NULL,'5','50','thompson','roob','LightPink','female','10',1,1,0,'FREE',1,NULL,NULL),(20,1,1,'Tempore porro et eos praesentium fugit amet.','Quo eos aliquam sed non quibusdam iusto laboriosam sit. Odit qui hic placeat blanditiis ut. Quis eum et temporibus veniam.','https://lorempixel.com/500/500/nature/?55072','2010-10-17','02:37:51','3','604 Elvera Squares Suite 603\nLillyton, MT 31440','Elsiemouth','Rhode Island','Guam',NULL,NULL,NULL,NULL,'14',NULL,'80','15','bosco','skiles','DarkTurquoise','female','26',0,0,0,'PROFESSIONAL',1,NULL,NULL),(21,1,1,'Esse non nulla temporibus ut consequuntur accusantium voluptas.','Nesciunt ipsam vel cumque aliquam esse illo. In quaerat aut itaque dolore id sunt enim. Reiciendis totam exercitationem earum exercitationem ut.','https://lorempixel.com/500/500/nature/?63225','1977-07-06','15:07:58','9','559 Sawayn Road\nEast Albert, AZ 22049','West Bradyport','Massachusetts','Tuvalu','2001-04-04','00:01:47','1983-10-15','23:07:40',NULL,NULL,NULL,NULL,NULL,NULL,NULL,NULL,NULL,1,0,0,'FREE',1,NULL,NULL),(22,1,1,'Ducimus eius explicabo culpa vero quia voluptatem delectus.','Incidunt recusandae sapiente nulla vel. Dolor recusandae qui corrupti voluptate consequatur est eum laborum. Cupiditate minima et corporis quibusdam repellat.','https://lorempixel.com/500/500/nature/?57916','1988-10-12','20:17:36','9','479 Emmerich Terrace\nSouth Ceciltown, TN 16342','West Ardith','Idaho','Lao People\'s Democratic Republic',NULL,NULL,NULL,NULL,NULL,NULL,NULL,NULL,NULL,NULL,NULL,NULL,NULL,1,0,0,'FREE',1,NULL,NULL),(23,46,1,'Sequi nostrum consequatur qui ipsam tempora assumenda reprehenderit autem.','Aut et dolores sint repellat quaerat qui quos dolorem. Reiciendis distinctio et vel a reiciendis aliquid adipisci. Sunt error ea facere ratione expedita occaecati.','https://lorempixel.com/500/500/nature/?97879','2009-08-25','18:30:16','3','34534 Legros Crescent Apt. 665\nRaquelmouth, WY 92156-9698','Lake Abbey','Oregon','Somalia',NULL,NULL,NULL,NULL,NULL,NULL,NULL,NULL,NULL,NULL,NULL,NULL,NULL,1,0,0,'PERSONAL',1,NULL,NULL),(24,17,1,'Quisquam dolores consequuntur sunt corrupti voluptatibus in saepe ea.','Nesciunt aliquid quis est dolore id ab esse. Ratione qui dolorem voluptate in sunt rerum cum. Ut et assumenda culpa dolorem temporibus voluptatem.','https://lorempixel.com/500/500/nature/?29328','2004-01-24','07:53:44','9','4306 Willie Manors\nAmiyaside, ME 55692-6440','Kingport','Vermont','United States of America','2008-10-21','22:04:27','1987-01-24','10:04:05',NULL,NULL,NULL,NULL,NULL,NULL,NULL,NULL,NULL,0,0,0,'FREE',1,NULL,NULL),(25,1,1,'Non velit consectetur eaque excepturi eius.','Qui earum adipisci voluptate sint quidem. Rerum quasi excepturi possimus. Quasi est molestias qui. In quia quisquam amet.','https://lorempixel.com/500/500/nature/?94003','2009-07-25','23:33:08','6','99372 Gaylord Radial Apt. 966\nLindshire, IL 20484','Maximeland','New Jersey','Slovenia','1974-09-19','05:55:03','1971-01-09','06:54:16',NULL,NULL,NULL,NULL,NULL,NULL,NULL,NULL,NULL,1,0,0,'PERSONAL',1,NULL,NULL),(26,43,1,'Et minima asperiores inventore ut sequi libero.','Cumque laboriosam aliquam et nostrum labore ipsum. Consequatur dignissimos fugiat tempore laudantium id omnis dicta.','https://lorempixel.com/500/500/nature/?22687','1976-04-08','10:29:49','7','1950 McGlynn Cape Apt. 421\nSouth Deliastad, KY 34416','West Ottostad','Georgia','Paraguay','1980-03-18','03:16:47','2006-11-14','00:10:45',NULL,NULL,NULL,NULL,NULL,NULL,NULL,NULL,NULL,1,0,0,'PERSONAL',1,NULL,NULL),(27,8,1,'Doloremque at enim doloremque ea quia neque.','Accusantium voluptatum et voluptatem qui. Omnis iusto maxime nisi repellendus officia non. Numquam reprehenderit dolores aut amet tempora ipsum exercitationem.','https://lorempixel.com/500/500/nature/?54731','1979-04-22','22:57:20','8','143 Era Knolls Suite 695\nNew Clemmieview, KY 69767-0346','Port Izabella','Mississippi','Ireland',NULL,NULL,NULL,NULL,NULL,NULL,NULL,NULL,NULL,NULL,NULL,NULL,NULL,1,0,0,'FREE',1,NULL,NULL),(28,37,1,'Unde maiores rerum doloremque ad.','Beatae corporis iure enim repellendus amet omnis explicabo. Veritatis doloremque exercitationem aliquam unde eaque. Voluptas temporibus tenetur quo eaque enim.','https://lorempixel.com/500/500/nature/?68198','2015-01-16','13:04:03','4','350 Luettgen Path Suite 881\nClintonmouth, MA 99679-3131','Larkintown','Michigan','Brunei Darussalam',NULL,NULL,NULL,NULL,NULL,NULL,NULL,NULL,NULL,NULL,NULL,NULL,NULL,0,0,0,'PROFESSIONAL',1,NULL,NULL),(29,1,1,'Veniam molestiae dicta reprehenderit qui alias vitae necessitatibus.','Quis veritatis sit voluptatem molestias et. Adipisci ut sit suscipit consequatur nihil tempora enim.','https://lorempixel.com/500/500/nature/?31343','2011-03-17','14:01:27','10','61305 Kreiger Branch Apt. 694\nMuellerbury, AZ 23848-8167','Deontefort','Oregon','Isle of Man',NULL,NULL,NULL,NULL,NULL,NULL,NULL,NULL,NULL,NULL,NULL,NULL,NULL,1,0,0,'PROFESSIONAL',1,NULL,NULL),(30,12,1,'Pariatur beatae est cum ut ex illum molestiae.','Porro quia accusantium animi ut expedita. Iure non libero et quis dolores temporibus quasi deleniti. In et porro voluptatem illo mollitia. Eum ad quia molestias praesentium et ea.','https://lorempixel.com/500/500/nature/?70158','1993-02-21','13:28:45','3','6161 Friesen Village\nWarrenburgh, OH 97022-3534','Port Agnes','Maine','Chad',NULL,NULL,NULL,NULL,NULL,NULL,NULL,NULL,NULL,NULL,NULL,NULL,NULL,1,0,0,'FREE',1,NULL,NULL),(31,44,1,'Maiores rerum non facilis.','Officia et impedit velit optio. Soluta a ut nisi sit eius quia iure. Tempore sit rerum consequatur ea dolores deleniti. Sequi repellendus deleniti tenetur mollitia optio.','https://lorempixel.com/500/500/nature/?86501','1985-04-12','11:25:32','5','74985 Ankunding Fields\nOndrickachester, MI 56258-2259','Prosaccochester','Michigan','British Indian Ocean Territory (Chagos Archipelago)','1988-04-03','11:40:11','1993-12-03','14:30:17',NULL,NULL,NULL,NULL,NULL,NULL,NULL,NULL,NULL,1,0,0,'PROFESSIONAL',1,NULL,NULL),(32,38,1,'Omnis ex suscipit accusantium.','Voluptatem iure iure nisi modi ut. Deserunt error voluptas nihil sed. Ad asperiores et atque odio et nisi.','https://lorempixel.com/500/500/nature/?63771','1987-09-23','01:26:16','1','431 Maxime Village Suite 649\nEast Deonland, GA 64843-5462','Beahanland','Indiana','Ireland',NULL,NULL,NULL,NULL,'11',NULL,'38','33','nienow','schamberger','Lime','female','67',0,0,0,'PERSONAL',1,NULL,NULL),(33,24,1,'Quis quo corrupti doloribus voluptatem perspiciatis est et.','Nulla iusto autem qui explicabo. Voluptatem vitae cumque omnis ut iure repellendus omnis. In eligendi saepe distinctio rerum. Sint in distinctio laborum molestiae debitis.','https://lorempixel.com/500/500/nature/?81551','1998-01-14','01:38:59','8','124 Alaina Extensions\nLuratown, CO 83966','Weberchester','Utah','Algeria',NULL,NULL,NULL,NULL,NULL,NULL,NULL,NULL,NULL,NULL,NULL,NULL,NULL,0,0,0,'PROFESSIONAL',1,NULL,NULL),(34,29,1,'Quia assumenda qui deserunt sunt.','Non voluptatem temporibus qui assumenda ullam. Et vel aliquid in eius quia. Et molestiae vel quod perspiciatis doloremque voluptatem. Deserunt laborum in enim id recusandae quas nam.','https://lorempixel.com/500/500/nature/?59917','1991-07-17','15:06:08','3','238 Sylvester Spur Apt. 983\nPort Jensen, IA 59919-4431','West Robertville','South Dakota','Argentina','2008-03-17','04:33:24','2001-03-01','09:38:17',NULL,NULL,NULL,NULL,NULL,NULL,NULL,NULL,NULL,1,0,0,'PERSONAL',1,NULL,NULL),(35,18,1,'Voluptatem aut et nihil quis.','Voluptas impedit repellat et occaecati quia. Ducimus ut nemo magni aut voluptatem nihil iure.','https://lorempixel.com/500/500/nature/?18045','2017-01-23','09:22:20','5','774 Andy Street\nLake Keely, WY 53864','New Guido','Massachusetts','Latvia',NULL,NULL,NULL,NULL,NULL,NULL,NULL,NULL,NULL,NULL,NULL,NULL,NULL,0,0,0,'FREE',1,NULL,NULL),(36,23,1,'Mollitia eum numquam et suscipit.','Ab libero sit minima cumque harum sit dolorem iure. Quo quia voluptatem quo reprehenderit. Maiores enim error consequuntur voluptas. Est numquam modi culpa quos fuga excepturi sint quibusdam.','https://lorempixel.com/500/500/nature/?82628','1977-09-16','15:57:07','0','5188 Kirlin Rue Apt. 146\nFreemanview, MN 20276','Connellyville','New Jersey','San Marino',NULL,NULL,NULL,NULL,NULL,NULL,NULL,NULL,NULL,NULL,NULL,NULL,NULL,1,0,0,'PERSONAL',1,NULL,NULL),(37,46,1,'Et sapiente sunt nemo sunt doloremque architecto est.','Labore nesciunt modi quae. Nobis et rerum similique ea non illo. Accusamus et mollitia repellendus voluptates. Voluptas reiciendis atque pariatur unde cum.','https://lorempixel.com/500/500/nature/?12232','1975-06-23','03:48:06','7','21915 Padberg Squares\nFunkstad, AK 41100','South Constantin','Minnesota','Cape Verde',NULL,NULL,NULL,NULL,NULL,NULL,NULL,NULL,NULL,NULL,NULL,NULL,NULL,1,0,0,'FREE',1,NULL,NULL),(38,17,1,'Maiores ex laborum iusto et.','Id provident sint voluptatibus explicabo. Quia earum ut debitis voluptate perferendis. Molestiae neque voluptatem accusamus aperiam inventore. Veritatis voluptas sit similique sit.','https://lorempixel.com/500/500/nature/?28511','2009-10-02','15:56:26','9','2008 Freda Ville\nEast Bryceside, KS 79343','Kendrafurt','Delaware','Somalia',NULL,NULL,NULL,NULL,'96',NULL,'25','78','ullrich','kemmer','Linen','male','71',0,1,0,'FREE',1,NULL,NULL),(39,38,1,'Est rem ipsum omnis labore est deserunt architecto.','Eaque dolore consequatur neque eius. Dicta accusamus quibusdam autem veritatis. Praesentium tenetur sunt inventore. Quos amet consequatur aliquam aut exercitationem.','https://lorempixel.com/500/500/nature/?24813','1971-09-14','20:10:07','3','65129 Marvin Terrace Apt. 482\nAdahberg, KS 42117','Lake Alvistown','Oklahoma','Solomon Islands','2013-04-26','00:02:52','1997-05-02','22:58:40',NULL,NULL,NULL,NULL,NULL,NULL,NULL,NULL,NULL,0,0,0,'FREE',1,NULL,NULL),(40,44,1,'Cum voluptas id ipsum animi mollitia suscipit nobis.','Sed excepturi maiores minus ea illo sunt. Consequatur nihil ratione harum dolores et ut hic.','https://lorempixel.com/500/500/nature/?71093','1972-09-15','23:29:33','6','1242 Justice Square Suite 506\nNew Gina, FL 18526-3722','Lake Randal','Hawaii','Botswana','1990-04-13','08:33:18','1986-03-14','08:20:22',NULL,NULL,NULL,NULL,NULL,NULL,NULL,NULL,NULL,1,0,0,'PERSONAL',1,NULL,NULL),(41,35,1,'Sapiente nihil sequi quae dolorem et.','Eum ea unde consequuntur. Dolore consequatur eligendi quibusdam sit. Soluta enim qui veritatis. Et blanditiis rerum exercitationem esse.','https://lorempixel.com/500/500/nature/?81256','2001-05-19','21:44:25','10','42220 Naomie Mission Suite 087\nAlberthafort, FL 07691-7123','Walkerland','Pennsylvania','Bahamas','1997-11-12','06:28:03','2005-12-24','22:34:09',NULL,NULL,NULL,NULL,NULL,NULL,NULL,NULL,NULL,0,0,0,'PROFESSIONAL',1,NULL,NULL),(42,42,1,'A sint et vero provident praesentium quod nobis tenetur.','Id debitis quidem ex quod nemo ab illo. Quaerat quos minus aperiam. Beatae explicabo non quos quia eum illo.','https://lorempixel.com/500/500/nature/?68358','1989-12-05','10:18:13','7','64202 Hand Inlet Apt. 638\nWest Kaelachester, NJ 37625','East Arturostad','Michigan','Barbados',NULL,NULL,NULL,NULL,NULL,NULL,NULL,NULL,NULL,NULL,NULL,NULL,NULL,0,0,0,'PERSONAL',1,NULL,NULL),(43,42,1,'Non doloribus nostrum et suscipit commodi aut.','Ea doloribus sit ipsum in qui. Sequi quia alias laboriosam iusto. Consequatur et dolor nisi magni asperiores qui sed.','https://lorempixel.com/500/500/nature/?13988','1991-03-25','01:41:26','6','418 Murray Rue Suite 198\nLake Pinkberg, OH 85835','Port Ivastad','New York','Kenya',NULL,NULL,NULL,NULL,NULL,NULL,NULL,NULL,NULL,NULL,NULL,NULL,NULL,0,0,0,'PERSONAL',1,NULL,NULL),(44,27,1,'Amet possimus est facilis et est qui nobis.','Nam id temporibus in et repudiandae aliquam ab. Qui nemo ipsam eos voluptatibus. Nam ipsa ex sit impedit. Voluptatem distinctio velit nemo quia voluptates quia velit.','https://lorempixel.com/500/500/nature/?89987','1999-03-16','02:10:34','2','83691 Lakin Plaza Suite 632\nWest Winona, GA 13893','Haileeton','Nebraska','Mali',NULL,NULL,NULL,NULL,NULL,NULL,NULL,NULL,NULL,NULL,NULL,NULL,NULL,0,0,0,'FREE',1,NULL,NULL),(45,26,1,'Cum inventore est occaecati.','Error unde nam et amet cum omnis. Est minima ut modi laudantium placeat est quidem. Corrupti labore illum neque eum voluptatem eum.','https://lorempixel.com/500/500/nature/?81084','2011-10-11','20:19:02','6','833 Zachariah Wells\nEast Lourdes, NV 61115-9286','East Brionnaton','Arizona','Montserrat',NULL,NULL,NULL,NULL,NULL,NULL,NULL,NULL,NULL,NULL,NULL,NULL,NULL,0,0,0,'PERSONAL',1,NULL,NULL),(46,20,1,'Earum atque ut error et iste.','Id autem et qui aut. Nesciunt hic dolorem et laboriosam et. Quaerat tenetur omnis ducimus amet.','https://lorempixel.com/500/500/nature/?94777','2001-04-18','02:07:28','5','8104 Wisozk Knolls\nMaxwellberg, WY 97724-9533','North Alta','Kansas','Saint Martin',NULL,NULL,NULL,NULL,'46',NULL,'88','79','schamberger','senger','Darkorange','female','27',1,1,1,'FREE',1,NULL,NULL),(47,24,1,'Est culpa totam sunt distinctio vel.','Unde magni est impedit omnis illo veniam perspiciatis dignissimos. Ab perspiciatis veniam error ut voluptatibus enim. Sit nam dignissimos similique ullam fugit placeat.','https://lorempixel.com/500/500/nature/?36354','2000-09-11','05:15:44','7','1445 Lebsack Knoll Suite 593\nPort Scotburgh, VT 44786','Calebborough','Wyoming','Russian Federation',NULL,NULL,NULL,NULL,'77',NULL,'85','22','kuhn','bashirian','PapayaWhip','male','64',0,0,1,'PROFESSIONAL',1,NULL,NULL),(48,49,1,'Omnis beatae magni ut dolorem a.','Aspernatur rem esse itaque soluta. Dolores magnam necessitatibus sed ipsum pariatur. Quia qui nostrum sunt ab tenetur.','https://lorempixel.com/500/500/nature/?84566','2007-01-21','21:03:30','7','281 King Motorway Apt. 635\nJaylanberg, OR 04424-9695','North Blaise','Delaware','Wallis and Futuna',NULL,NULL,NULL,NULL,NULL,NULL,NULL,NULL,NULL,NULL,NULL,NULL,NULL,1,0,0,'PROFESSIONAL',1,NULL,NULL),(49,48,1,'Nesciunt voluptatibus quibusdam corporis possimus non.','Unde itaque doloribus sit voluptate. Voluptas veniam nulla aut sequi accusamus deleniti perspiciatis. Sit asperiores explicabo et fuga aspernatur sit impedit.','https://lorempixel.com/500/500/nature/?98122','1984-06-13','14:19:57','1','7622 Kilback Stravenue\nNorth Emmieville, ND 84717','Nikolausport','Vermont','Isle of Man',NULL,NULL,NULL,NULL,'81',NULL,'17','97','reichel','heller','Beige','male','93',1,1,1,'FREE',1,NULL,NULL),(50,49,1,'Aut quidem aut alias aut iure.','Occaecati adipisci neque quis totam id. Et quisquam vero aspernatur voluptate voluptatem. Sit similique ex quidem corporis quae. Aliquid sit libero et similique vero ut.','https://lorempixel.com/500/500/nature/?41911','1976-10-27','08:24:34','5','165 Franecki Plain\nCooperburgh, NJ 55733-9193','West Pete','Rhode Island','Slovakia (Slovak Republic)',NULL,NULL,NULL,NULL,NULL,NULL,NULL,NULL,NULL,NULL,NULL,NULL,NULL,0,0,0,'PROFESSIONAL',1,NULL,NULL),(55,1,1,'LOREM IPSUM IS SIMPLY DUMMY','Lorem Ipsum is simply dummy text of the printing and typesetting industry. Lorem Ipsum has been the industry\'s standard dummy text ever since the 1500s, when an unknown printer took a galley of type and scrambled it to make a type specimen book. It has survived not only five centuries, but also the leap into electronic typesetting, remaining essentially unchanged. It was popularised in the 1960s with the release of Letraset sheets containing Lorem Ipsum passages, and more recently with desktop publishing software like Aldus PageMaker including versions of Lorem Ipsum.','http://scedge.dev/uploads/card_59c3cd858d883.jpeg','2017-09-05','10:10','2','test',NULL,NULL,NULL,NULL,NULL,NULL,NULL,NULL,NULL,NULL,NULL,NULL,NULL,NULL,NULL,NULL,1,0,0,'FREE',1,NULL,'2017-09-23 16:00:14'),(56,1,1,'test','test','http://scedge.dev/uploads/card_59c3d095de2a5.jpeg','2017-09-13','10:10','1','test',NULL,NULL,NULL,NULL,NULL,NULL,NULL,NULL,NULL,NULL,NULL,NULL,NULL,NULL,NULL,NULL,1,0,0,'FREE',1,NULL,NULL),(59,1,1,'What is Lorem Ipsum','Lorem Ipsum is simply dummy text of the printing and typesetting industry. Lorem Ipsum has been the industry\'s standard dummy text ever since the 1500s, when an unknown printer took a galley of type and scrambled it to make a type specimen book. It has survived not only five centuries, but also the leap into electronic typesetting, remaining essentially unchanged. It was popularised in the 1960s with the release of Letraset sheets containing Lorem Ipsum passages, and more recently with desktop publishing software like Aldus PageMaker including versions of Lorem Ipsum.',NULL,'2017-09-19','11:01','3','testing',NULL,NULL,NULL,'2017-09-07','07:53','2017-09-01','04:52','23','22',NULL,NULL,NULL,NULL,NULL,NULL,NULL,1,1,0,'FREE',1,NULL,'2017-09-23 16:24:35');

/*Table structure for table `user_child_cards` */

DROP TABLE IF EXISTS `user_child_cards`;

CREATE TABLE `user_child_cards` (
  `id` int(10) unsigned NOT NULL AUTO_INCREMENT,
  `card_id` int(10) unsigned NOT NULL,
  `user_id` int(10) unsigned NOT NULL,
  `can_edit` tinyint(1) NOT NULL DEFAULT '0',
  `created_at` timestamp NULL DEFAULT NULL,
  `updated_at` timestamp NULL DEFAULT NULL,
  PRIMARY KEY (`id`),
  KEY `user_child_cards_card_id_foreign` (`card_id`),
  KEY `user_child_cards_user_id_foreign` (`user_id`),
  CONSTRAINT `user_child_cards_card_id_foreign` FOREIGN KEY (`card_id`) REFERENCES `user_cards` (`id`) ON DELETE CASCADE,
  CONSTRAINT `user_child_cards_user_id_foreign` FOREIGN KEY (`user_id`) REFERENCES `users` (`id`) ON DELETE CASCADE
) ENGINE=InnoDB DEFAULT CHARSET=utf8mb4 COLLATE=utf8mb4_unicode_ci;

/*Data for the table `user_child_cards` */

/*Table structure for table `user_subscription` */

DROP TABLE IF EXISTS `user_subscription`;

CREATE TABLE `user_subscription` (
  `id` int(10) unsigned NOT NULL AUTO_INCREMENT,
  `subscription_code` varchar(255) COLLATE utf8mb4_unicode_ci NOT NULL,
  `subscription_name` varchar(255) COLLATE utf8mb4_unicode_ci NOT NULL,
  `subscription_amount` varchar(255) COLLATE utf8mb4_unicode_ci NOT NULL,
  `subscription_type` enum('ALL','MONTHLY','ANNUAL') COLLATE utf8mb4_unicode_ci NOT NULL DEFAULT 'ALL',
  `is_active` tinyint(1) NOT NULL DEFAULT '1',
  `created_at` timestamp NULL DEFAULT NULL,
  `updated_at` timestamp NULL DEFAULT NULL,
  PRIMARY KEY (`id`)
) ENGINE=InnoDB AUTO_INCREMENT=6 DEFAULT CHARSET=utf8mb4 COLLATE=utf8mb4_unicode_ci;

/*Data for the table `user_subscription` */

insert  into `user_subscription`(`id`,`subscription_code`,`subscription_name`,`subscription_amount`,`subscription_type`,`is_active`,`created_at`,`updated_at`) values (1,'FREE','FREE','0','ALL',1,NULL,NULL),(2,'PER_MONT','PERSONAL','10','MONTHLY',1,NULL,NULL),(3,'PRO_MONT','PROFESSIONAL','20','MONTHLY',1,NULL,NULL),(4,'PER_ANUL','PERSONAL','100','ANNUAL',1,NULL,NULL),(5,'PRO_ANUL','PROFESSIONAL','200','ANNUAL',1,NULL,NULL);

/*Table structure for table `users` */

DROP TABLE IF EXISTS `users`;

CREATE TABLE `users` (
  `id` int(10) unsigned NOT NULL AUTO_INCREMENT,
  `name` varchar(255) COLLATE utf8mb4_unicode_ci NOT NULL,
  `email` varchar(100) COLLATE utf8mb4_unicode_ci NOT NULL,
  `password` varchar(255) COLLATE utf8mb4_unicode_ci NOT NULL,
  `api_token` varchar(255) COLLATE utf8mb4_unicode_ci DEFAULT NULL,
  `facebook_token` varchar(255) COLLATE utf8mb4_unicode_ci DEFAULT NULL,
  `google_token` varchar(255) COLLATE utf8mb4_unicode_ci DEFAULT NULL,
  `linkedin_token` varchar(255) COLLATE utf8mb4_unicode_ci DEFAULT NULL,
  `subscription_id` int(10) unsigned NOT NULL,
  `is_verified` tinyint(1) NOT NULL DEFAULT '0',
  `registration_stage` varchar(255) COLLATE utf8mb4_unicode_ci DEFAULT NULL,
  `remember_token` varchar(100) COLLATE utf8mb4_unicode_ci DEFAULT NULL,
  `stripe_id` varchar(200) COLLATE utf8mb4_unicode_ci DEFAULT NULL,
  `card_id` varchar(200) COLLATE utf8mb4_unicode_ci DEFAULT NULL,
  `verification_code` varchar(255) COLLATE utf8mb4_unicode_ci DEFAULT NULL,
  `created_at` timestamp NULL DEFAULT NULL,
  `updated_at` timestamp NULL DEFAULT NULL,
  `is_active` tinyint(1) NOT NULL DEFAULT '0',
  PRIMARY KEY (`id`),
  UNIQUE KEY `users_email_unique` (`email`),
  KEY `users_subscription_id_foreign` (`subscription_id`),
  CONSTRAINT `users_subscription_id_foreign` FOREIGN KEY (`subscription_id`) REFERENCES `user_subscription` (`id`) ON DELETE CASCADE
) ENGINE=InnoDB AUTO_INCREMENT=52 DEFAULT CHARSET=utf8mb4 COLLATE=utf8mb4_unicode_ci;

/*Data for the table `users` */

insert  into `users`(`id`,`name`,`email`,`password`,`api_token`,`facebook_token`,`google_token`,`linkedin_token`,`subscription_id`,`is_verified`,`registration_stage`,`remember_token`,`stripe_id`,`card_id`,`verification_code`,`created_at`,`updated_at`,`is_active`) values (1,'Dolly Bindra','dolly@example.com','$2y$10$0szVRIZg34ZNNQqX0e/yxOMrREhcfLM8RTxUhHTbFNkdqFHYyPiGe','eyJ0eXAiOiJKV1QiLCJhbGciOiJIUzI1NiJ9.eyJzdWIiOjEsImlzcyI6Imh0dHA6Ly9zY2VkZ2UuZGV2L2FwaS92MS9hdXRoL2xvZ2luIiwiaWF0IjoxNTA2MTc4Mzc0LCJleHAiOjE1MDYzOTQzNzQsIm5iZiI6MTUwNjE3ODM3NCwianRpIjoiV3BSWHJhVjZMWFpvRVhiVSJ9.52-KW_Yocxj3x3VNan6xZ6cUMw7FP0pRirCCcOIVp4M',NULL,NULL,NULL,3,1,NULL,'avoHDZjW3r','cus_BRiXIXxvV5Ti3S','card_1B4p9KKDkQBUvKDxkGfuQwbO',NULL,'2017-09-05 07:50:09','2017-09-23 14:52:54',0),(2,'Joey Stanton','myrna05@example.org','$2y$10$0szVRIZg34ZNNQqX0e/yxOMrREhcfLM8RTxUhHTbFNkdqFHYyPiGe','eyJ0eXAiOiJKV1QiLCJhbGciOiJIUzI1NiJ9.eyJzdWIiOjIsImlzcyI6Imh0dHA6Ly9zY2VkZ2UuZGV2L2FwaS92MS9hdXRoL2xvZ2luIiwiaWF0IjoxNTA2MDg2MjQ1LCJleHAiOjE1MDYzMDIyNDUsIm5iZiI6MTUwNjA4NjI0NSwianRpIjoiSDFEdDg3TU1RWVpmYmdpeSJ9.0GFKG9dLw0udvq8ILOun6X8Q2kTbYy1tfcK2EOk0iek',NULL,NULL,NULL,2,1,NULL,'LYOLZoLXBO',NULL,NULL,NULL,'2017-09-05 07:50:09','2017-09-22 13:17:25',0),(3,'Alejandra Goldner','herman.adolfo@example.org','$2y$10$0szVRIZg34ZNNQqX0e/yxOMrREhcfLM8RTxUhHTbFNkdqFHYyPiGe',NULL,NULL,NULL,NULL,5,1,NULL,'utYPbYrkbg',NULL,NULL,NULL,'2017-09-05 07:50:09','2017-09-05 07:50:09',0),(4,'Abernathy Mraz','abernathy.isidro@example.com','$2y$10$0szVRIZg34ZNNQqX0e/yxOMrREhcfLM8RTxUhHTbFNkdqFHYyPiGe',NULL,NULL,NULL,NULL,3,1,NULL,'WWY8iOmln9',NULL,NULL,NULL,'2017-09-05 07:50:09','2017-09-05 07:50:09',0),(5,'Eldridge Walter','nakia86@example.org','$2y$10$0szVRIZg34ZNNQqX0e/yxOMrREhcfLM8RTxUhHTbFNkdqFHYyPiGe',NULL,NULL,NULL,NULL,2,1,NULL,'pybBGlgqye',NULL,NULL,NULL,'2017-09-05 07:50:09','2017-09-05 07:50:09',0),(6,'Ibrahim Reilly PhD','alexandrea.reilly@example.org','$2y$10$0szVRIZg34ZNNQqX0e/yxOMrREhcfLM8RTxUhHTbFNkdqFHYyPiGe',NULL,NULL,NULL,NULL,4,1,NULL,'nju988bhAD',NULL,NULL,NULL,'2017-09-05 07:50:09','2017-09-05 07:50:09',0),(7,'Estella Hagenes','wblanda@example.org','$2y$10$0szVRIZg34ZNNQqX0e/yxOMrREhcfLM8RTxUhHTbFNkdqFHYyPiGe','eyJ0eXAiOiJKV1QiLCJhbGciOiJIUzI1NiJ9.eyJzdWIiOjcsImlzcyI6Imh0dHA6Ly9zY2VkZ2UuZGV2L2FwaS92MS9hdXRoL2xvZ2luIiwiaWF0IjoxNTA2MDg2MDI0LCJleHAiOjE1MDYzMDIwMjQsIm5iZiI6MTUwNjA4NjAyNCwianRpIjoiaTBZbGtzU3J5Y3VsTEhFRCJ9.XS7xj1xba4GtFjxMb8SbzR_RYJ3GZn2bHs-m-X2nfrY',NULL,NULL,NULL,5,1,NULL,'iSkmIV8WnJ',NULL,NULL,NULL,'2017-09-05 07:50:10','2017-09-22 13:13:44',0),(8,'Mr. Clint Hettinger','alberto.lakin@example.com','$2y$10$0szVRIZg34ZNNQqX0e/yxOMrREhcfLM8RTxUhHTbFNkdqFHYyPiGe',NULL,NULL,NULL,NULL,4,1,NULL,'sLb9giIN3I',NULL,NULL,NULL,'2017-09-05 07:50:10','2017-09-05 07:50:10',0),(9,'Mr. Elroy Hickle','joelle.cormier@example.net','$2y$10$0szVRIZg34ZNNQqX0e/yxOMrREhcfLM8RTxUhHTbFNkdqFHYyPiGe',NULL,NULL,NULL,NULL,5,1,NULL,'SqlklOMLxy',NULL,NULL,NULL,'2017-09-05 07:50:10','2017-09-05 07:50:10',0),(10,'Aylin Bartoletti','jkulas@example.org','$2y$10$0szVRIZg34ZNNQqX0e/yxOMrREhcfLM8RTxUhHTbFNkdqFHYyPiGe',NULL,NULL,NULL,NULL,5,1,NULL,'R7wskGQTgr',NULL,NULL,NULL,'2017-09-05 07:50:10','2017-09-05 07:50:10',0),(11,'Nona Gleason','heaney.jeanne@example.com','$2y$10$0szVRIZg34ZNNQqX0e/yxOMrREhcfLM8RTxUhHTbFNkdqFHYyPiGe',NULL,NULL,NULL,NULL,3,1,NULL,'zxTrOzpXj3',NULL,NULL,NULL,'2017-09-05 07:50:10','2017-09-05 07:50:10',0),(12,'Geoffrey Bruen','ena03@example.org','$2y$10$0szVRIZg34ZNNQqX0e/yxOMrREhcfLM8RTxUhHTbFNkdqFHYyPiGe',NULL,NULL,NULL,NULL,3,1,NULL,'oetUgc2DDJ',NULL,NULL,NULL,'2017-09-05 07:50:10','2017-09-05 07:50:10',0),(13,'Prof. Grayce Halvorson','bashirian.luciano@example.org','$2y$10$0szVRIZg34ZNNQqX0e/yxOMrREhcfLM8RTxUhHTbFNkdqFHYyPiGe',NULL,NULL,NULL,NULL,1,1,NULL,'pE3HgzO3ZX',NULL,NULL,NULL,'2017-09-05 07:50:10','2017-09-05 07:50:10',0),(14,'Dr. Bulah Rohan','beatrice14@example.org','$2y$10$0szVRIZg34ZNNQqX0e/yxOMrREhcfLM8RTxUhHTbFNkdqFHYyPiGe',NULL,NULL,NULL,NULL,2,1,NULL,'tqeAKJDvXf',NULL,NULL,NULL,'2017-09-05 07:50:10','2017-09-05 07:50:10',0),(15,'Amya Sporer IV','wintheiser.dakota@example.org','$2y$10$0szVRIZg34ZNNQqX0e/yxOMrREhcfLM8RTxUhHTbFNkdqFHYyPiGe',NULL,NULL,NULL,NULL,2,1,NULL,'TiyZ9ZxUvb',NULL,NULL,NULL,'2017-09-05 07:50:10','2017-09-05 07:50:10',0),(16,'Hillard Mayert','metz.art@example.com','$2y$10$0szVRIZg34ZNNQqX0e/yxOMrREhcfLM8RTxUhHTbFNkdqFHYyPiGe',NULL,NULL,NULL,NULL,2,1,NULL,'p14IndWmtI',NULL,NULL,NULL,'2017-09-05 07:50:10','2017-09-05 07:50:10',0),(17,'Devyn Jacobson','aschultz@example.net','$2y$10$0szVRIZg34ZNNQqX0e/yxOMrREhcfLM8RTxUhHTbFNkdqFHYyPiGe',NULL,NULL,NULL,NULL,2,1,NULL,'tHXJ2Po8c6',NULL,NULL,NULL,'2017-09-05 07:50:10','2017-09-05 07:50:10',0),(18,'Rubye Rice','zachery58@example.org','$2y$10$0szVRIZg34ZNNQqX0e/yxOMrREhcfLM8RTxUhHTbFNkdqFHYyPiGe',NULL,NULL,NULL,NULL,1,1,NULL,'pGxwsShOOz',NULL,NULL,NULL,'2017-09-05 07:50:10','2017-09-05 07:50:10',0),(19,'Prof. Lera Runte III','vschuster@example.org','$2y$10$0szVRIZg34ZNNQqX0e/yxOMrREhcfLM8RTxUhHTbFNkdqFHYyPiGe',NULL,NULL,NULL,NULL,1,1,NULL,'fHjnoaq0Bc',NULL,NULL,NULL,'2017-09-05 07:50:10','2017-09-05 07:50:10',0),(20,'Jamal Bernhard Jr.','ryley.dickens@example.org','$2y$10$0szVRIZg34ZNNQqX0e/yxOMrREhcfLM8RTxUhHTbFNkdqFHYyPiGe',NULL,NULL,NULL,NULL,3,1,NULL,'KRDdiilQQ6',NULL,NULL,NULL,'2017-09-05 07:50:10','2017-09-05 07:50:10',0),(21,'Reggie Farrell','krista00@example.com','$2y$10$0szVRIZg34ZNNQqX0e/yxOMrREhcfLM8RTxUhHTbFNkdqFHYyPiGe',NULL,NULL,NULL,NULL,1,1,NULL,'wlZADkis9J',NULL,NULL,NULL,'2017-09-05 07:50:10','2017-09-05 07:50:10',0),(22,'Lonnie Runte MD','wilderman.veda@example.com','$2y$10$0szVRIZg34ZNNQqX0e/yxOMrREhcfLM8RTxUhHTbFNkdqFHYyPiGe',NULL,NULL,NULL,NULL,4,1,NULL,'gi6Rkfewoj',NULL,NULL,NULL,'2017-09-05 07:50:10','2017-09-05 07:50:10',0),(23,'Bessie Lind','kamron.swift@example.net','$2y$10$0szVRIZg34ZNNQqX0e/yxOMrREhcfLM8RTxUhHTbFNkdqFHYyPiGe',NULL,NULL,NULL,NULL,2,1,NULL,'FWHFCN4BQp',NULL,NULL,NULL,'2017-09-05 07:50:10','2017-09-05 07:50:10',0),(24,'Fredy Franecki III','sterling.turcotte@example.net','$2y$10$0szVRIZg34ZNNQqX0e/yxOMrREhcfLM8RTxUhHTbFNkdqFHYyPiGe',NULL,NULL,NULL,NULL,2,1,NULL,'LBBZF6A14L',NULL,NULL,NULL,'2017-09-05 07:50:10','2017-09-05 07:50:10',0),(25,'Savanah Stark','hunter38@example.org','$2y$10$0szVRIZg34ZNNQqX0e/yxOMrREhcfLM8RTxUhHTbFNkdqFHYyPiGe',NULL,NULL,NULL,NULL,1,1,NULL,'x9PrM9bEOH',NULL,NULL,NULL,'2017-09-05 07:50:10','2017-09-05 07:50:10',0),(26,'Prof. Enoch Bernhard','alverta45@example.com','$2y$10$0szVRIZg34ZNNQqX0e/yxOMrREhcfLM8RTxUhHTbFNkdqFHYyPiGe',NULL,NULL,NULL,NULL,2,1,NULL,'AjAwcLUUy2',NULL,NULL,NULL,'2017-09-05 07:50:10','2017-09-05 07:50:10',0),(27,'Mr. Russell Thompson II','bradly71@example.net','$2y$10$0szVRIZg34ZNNQqX0e/yxOMrREhcfLM8RTxUhHTbFNkdqFHYyPiGe',NULL,NULL,NULL,NULL,2,1,NULL,'yv90QBF2Ac',NULL,NULL,NULL,'2017-09-05 07:50:10','2017-09-05 07:50:10',0),(28,'Genevieve Dickinson','prosacco.lourdes@example.org','$2y$10$0szVRIZg34ZNNQqX0e/yxOMrREhcfLM8RTxUhHTbFNkdqFHYyPiGe',NULL,NULL,NULL,NULL,1,1,NULL,'1TvX1BUy9k',NULL,NULL,NULL,'2017-09-05 07:50:10','2017-09-05 07:50:10',0),(29,'Prof. Deion Douglas','annalise.reichel@example.net','$2y$10$0szVRIZg34ZNNQqX0e/yxOMrREhcfLM8RTxUhHTbFNkdqFHYyPiGe',NULL,NULL,NULL,NULL,4,1,NULL,'H3CbwF0LSk',NULL,NULL,NULL,'2017-09-05 07:50:10','2017-09-05 07:50:10',0),(30,'Noemy Mertz','stokes.ariel@example.com','$2y$10$0szVRIZg34ZNNQqX0e/yxOMrREhcfLM8RTxUhHTbFNkdqFHYyPiGe',NULL,NULL,NULL,NULL,2,1,NULL,'IKCzEofjEq',NULL,NULL,NULL,'2017-09-05 07:50:10','2017-09-05 07:50:10',0),(31,'Brandyn Streich','dagmar01@example.net','$2y$10$0szVRIZg34ZNNQqX0e/yxOMrREhcfLM8RTxUhHTbFNkdqFHYyPiGe',NULL,NULL,NULL,NULL,2,1,NULL,'CMRnjpIxad',NULL,NULL,NULL,'2017-09-05 07:50:10','2017-09-05 07:50:10',0),(32,'Erin Okuneva','mmckenzie@example.org','$2y$10$0szVRIZg34ZNNQqX0e/yxOMrREhcfLM8RTxUhHTbFNkdqFHYyPiGe',NULL,NULL,NULL,NULL,5,1,NULL,'tjZNxB2Q0M',NULL,NULL,NULL,'2017-09-05 07:50:10','2017-09-05 07:50:10',0),(33,'Mr. Gino Leannon','candice23@example.org','$2y$10$0szVRIZg34ZNNQqX0e/yxOMrREhcfLM8RTxUhHTbFNkdqFHYyPiGe',NULL,NULL,NULL,NULL,4,1,NULL,'vVPNc0fiFq',NULL,NULL,NULL,'2017-09-05 07:50:10','2017-09-05 07:50:10',0),(34,'Dr. Isaiah O\'Hara MD','renee.pollich@example.com','$2y$10$0szVRIZg34ZNNQqX0e/yxOMrREhcfLM8RTxUhHTbFNkdqFHYyPiGe',NULL,NULL,NULL,NULL,3,1,NULL,'N3hu5T3jw4',NULL,NULL,NULL,'2017-09-05 07:50:11','2017-09-05 07:50:11',0),(35,'Sammie Kemmer DDS','ralph95@example.net','$2y$10$0szVRIZg34ZNNQqX0e/yxOMrREhcfLM8RTxUhHTbFNkdqFHYyPiGe',NULL,NULL,NULL,NULL,1,1,NULL,'JFIZ1ZNawS',NULL,NULL,NULL,'2017-09-05 07:50:12','2017-09-05 07:50:12',0),(36,'Angelina Rodriguez','anabelle.gerlach@example.com','$2y$10$0szVRIZg34ZNNQqX0e/yxOMrREhcfLM8RTxUhHTbFNkdqFHYyPiGe',NULL,NULL,NULL,NULL,5,1,NULL,'bWwK532Ztc',NULL,NULL,NULL,'2017-09-05 07:50:12','2017-09-05 07:50:12',0),(37,'Lucile Berge','rosenbaum.pamela@example.com','$2y$10$0szVRIZg34ZNNQqX0e/yxOMrREhcfLM8RTxUhHTbFNkdqFHYyPiGe',NULL,NULL,NULL,NULL,3,1,NULL,'6mxV0eYDDp',NULL,NULL,NULL,'2017-09-05 07:50:12','2017-09-05 07:50:12',0),(38,'Kamron Donnelly','tremblay.jeremie@example.net','$2y$10$0szVRIZg34ZNNQqX0e/yxOMrREhcfLM8RTxUhHTbFNkdqFHYyPiGe',NULL,NULL,NULL,NULL,3,1,NULL,'67RIesvlyt',NULL,NULL,NULL,'2017-09-05 07:50:12','2017-09-05 07:50:12',0),(39,'Prof. William Parisian DVM','zieme.jerald@example.org','$2y$10$0szVRIZg34ZNNQqX0e/yxOMrREhcfLM8RTxUhHTbFNkdqFHYyPiGe',NULL,NULL,NULL,NULL,1,1,NULL,'1oUdT7zXG5',NULL,NULL,NULL,'2017-09-05 07:50:12','2017-09-05 07:50:12',0),(40,'Sydney Baumbach','turcotte.chadd@example.org','$2y$10$0szVRIZg34ZNNQqX0e/yxOMrREhcfLM8RTxUhHTbFNkdqFHYyPiGe',NULL,NULL,NULL,NULL,2,1,NULL,'3HObVx60cu',NULL,NULL,NULL,'2017-09-05 07:50:12','2017-09-05 07:50:12',0),(41,'Hubert Walsh','clara.ziemann@example.org','$2y$10$0szVRIZg34ZNNQqX0e/yxOMrREhcfLM8RTxUhHTbFNkdqFHYyPiGe',NULL,NULL,NULL,NULL,1,1,NULL,'o3IozVSKzg',NULL,NULL,NULL,'2017-09-05 07:50:13','2017-09-05 07:50:13',0),(42,'Dr. Ena Breitenberg Jr.','xmertz@example.net','$2y$10$0szVRIZg34ZNNQqX0e/yxOMrREhcfLM8RTxUhHTbFNkdqFHYyPiGe',NULL,NULL,NULL,NULL,4,1,NULL,'FygCSK1zFJ',NULL,NULL,NULL,'2017-09-05 07:50:13','2017-09-05 07:50:13',0),(43,'Delaney Wintheiser','micaela.marvin@example.com','$2y$10$0szVRIZg34ZNNQqX0e/yxOMrREhcfLM8RTxUhHTbFNkdqFHYyPiGe',NULL,NULL,NULL,NULL,1,1,NULL,'0d8iJAVkVM',NULL,NULL,NULL,'2017-09-05 07:50:13','2017-09-05 07:50:13',0),(44,'Crystal Kassulke','shanie.hintz@example.com','$2y$10$0szVRIZg34ZNNQqX0e/yxOMrREhcfLM8RTxUhHTbFNkdqFHYyPiGe',NULL,NULL,NULL,NULL,5,1,NULL,'TZ2DXkFcmN',NULL,NULL,NULL,'2017-09-05 07:50:13','2017-09-05 07:50:13',0),(45,'Theron Ryan','maida.kuhic@example.net','$2y$10$0szVRIZg34ZNNQqX0e/yxOMrREhcfLM8RTxUhHTbFNkdqFHYyPiGe',NULL,NULL,NULL,NULL,4,1,NULL,'bGdXQy6J3m',NULL,NULL,NULL,'2017-09-05 07:50:13','2017-09-05 07:50:13',0),(46,'Florian Wilderman','lonnie57@example.com','$2y$10$0szVRIZg34ZNNQqX0e/yxOMrREhcfLM8RTxUhHTbFNkdqFHYyPiGe',NULL,NULL,NULL,NULL,4,1,NULL,'xh6u2QP9MS',NULL,NULL,NULL,'2017-09-05 07:50:13','2017-09-05 07:50:13',0),(47,'Sammy Harber','cormier.ezekiel@example.org','$2y$10$0szVRIZg34ZNNQqX0e/yxOMrREhcfLM8RTxUhHTbFNkdqFHYyPiGe',NULL,NULL,NULL,NULL,1,1,NULL,'NnTzQSTsrN',NULL,NULL,NULL,'2017-09-05 07:50:13','2017-09-05 07:50:13',0),(48,'Brody Mertz','sschimmel@example.com','$2y$10$0szVRIZg34ZNNQqX0e/yxOMrREhcfLM8RTxUhHTbFNkdqFHYyPiGe',NULL,NULL,NULL,NULL,2,1,NULL,'xA3dYGUicM',NULL,NULL,NULL,'2017-09-05 07:50:13','2017-09-05 07:50:13',0),(49,'Prof. Skylar Romaguera','zbahringer@example.org','$2y$10$0szVRIZg34ZNNQqX0e/yxOMrREhcfLM8RTxUhHTbFNkdqFHYyPiGe',NULL,NULL,NULL,NULL,2,1,NULL,'yms00HxElh',NULL,NULL,NULL,'2017-09-05 07:50:13','2017-09-05 07:50:13',0),(50,'Ervin DuBuque','psteuber@example.net','$2y$10$0szVRIZg34ZNNQqX0e/yxOMrREhcfLM8RTxUhHTbFNkdqFHYyPiGe',NULL,NULL,NULL,NULL,4,1,NULL,'f90WafnJY1',NULL,NULL,NULL,'2017-09-05 07:50:13','2017-09-05 07:50:13',0),(51,'alok','alokmodi37@gmail.com','$2y$10$x05/vgtBkSMqe5EbL/CN9OJX7sqH4zo.qMhkgiHFWOEs43pftIKJO',NULL,NULL,NULL,NULL,3,1,'3',NULL,'cus_BRev5snsesWoMM',NULL,'','2017-09-22 06:38:19','2017-09-22 07:30:11',0);

/*!40101 SET SQL_MODE=@OLD_SQL_MODE */;
/*!40014 SET FOREIGN_KEY_CHECKS=@OLD_FOREIGN_KEY_CHECKS */;
/*!40014 SET UNIQUE_CHECKS=@OLD_UNIQUE_CHECKS */;
/*!40111 SET SQL_NOTES=@OLD_SQL_NOTES */;
